Label,Summary,Keywords
Historical racialized performance,Caricature or performance practices depicting racialized stereotypes such as blackface or yellowface.,"['blackface', 'yellowface', 'minstrel', 'minstrelsy', 'caricature', 'stereotype', 'brownface', 'redface', 'ethnic parody', 'racial parody', 'racial impersonation', 'racial mockery', 'costume', 'exoticism', 'cultural appropriation', 'racial satire', 'racist theatre', 'vaudeville', 'racial comedy', 'racial burlesque', 'mammy', 'sambo', 'coon caricature', 'racial impersonator', 'racial drag']"
Human remains,"Imagery of human remains in archaeological, anthropological, or other contexts.","['skeleton', 'skull', 'bones', 'mummy', 'mummified', 'corpse', 'cadaver', 'grave', 'burial', 'coffin', 'remains', 'archaeology', 'anthropology', 'tomb', 'ossuary', 'funerary', 'embalmed', 'mortuary', 'body', 'exhumed', 'cranium', 'fossil', 'skeletal', 'ancestral remains', 'excavation']"
Native American imagery,"Depictions of Native/Indigenous persons, regalia, or mascot-related content, including potentially disrespectful uses.","['chief', 'headdress', 'war bonnet', 'powwow', 'ceremonial dress', 'native regalia', 'indigenous', 'tribal costume', 'totem', 'tribe', 'chief illiniwek', 'native dance', 'ceremonial feathers', 'sacred objects', 'appropriation', 'tribal identity', 'indian mascot', 'indigenous symbols', 'tribal regalia', 'spiritual costume', 'tribal headdress', 'tribal powwow', 'native caricature', 'native impersonation', 'cultural stereotype']"
Nudity/sexual content,"Explicit or suggestive imagery including sexual content, with hard block for minors.","['nude', 'naked', 'explicit', 'pornographic', 'erotic', 'topless', 'genitalia', 'sexual', 'intercourse', 'sex', 'lewd', 'seductive', 'suggestive', 'provocative', 'stripper', 'striptease', 'playboy', 'centerfold', 'adult content', 'orgy', 'minors', 'child pornography', 'pedophilia', 'molestation', 'sexual exploitation', 'rape', 'assault', 'incest', 'porn', 'obscene']"
Violence/graphic content,"Imagery of violence, weapons, injuries, or graphic scenes of harm.","['blood', 'weapon', 'knife', 'gun', 'shooting', 'stabbing', 'murder', 'killing', 'injury', 'corpse', 'beheading', 'decapitation', 'gore', 'explosion', 'grenade', 'rifle', 'pistol', 'carcass', 'slaughter', 'assault', 'massacre', 'terrorist', 'hostage', 'execution', 'battle', 'war', 'suicide', 'bomb', 'violence']"
Hate symbols,Imagery containing hate symbols or iconography associated with hate groups.,"['swastika', 'kkk', 'klan', 'confederate flag', 'nazism', 'neo-nazi', 'hitler', 'fascism', 'white power', '88', 'heil', 'skinhead', 'blood drop cross', '14 words', 'iron cross', 'totenkopf', 'stormfront', 'racist symbol', 'white supremacy', 'third reich', 'gas chamber', 'holocaust denial', 'aryan', 'fascist salute', 'racist graffiti']"
Medical/health records,Imagery that may contain identifiable medical records or health data.,"['medical record', 'patient chart', 'hospital', 'x-ray', 'mri', 'ct scan', 'lab result', 'diagnosis', 'treatment', 'medication', 'prescription', 'doctor', 'nurse', 'healthcare', 'surgery', 'clinic', 'hospital wristband', 'health form', 'insurance card', 'vaccine', 'pathology', 'medical note', 'confidential', 'HIPAA', 'health report']"
Student/PII records,Student-related personally identifiable information or sensitive documents.,"['student id', 'social security number', 'ssn', 'address', 'phone number', 'email', 'transcript', 'grades', 'disciplinary record', 'enrollment form', 'financial aid', 'birthdate', 'passport', 'driver license', 'uin', 'registration', 'student loan', 'FERPA', 'identity card', 'contact info', 'emergency contact', 'application', 'admission letter', 'personal info', 'resume', 'cv']"
Other sensitive categories,"Additional sensitive contexts not covered above, including terrorism, drugs, and self-harm.","['terrorist', 'isis', 'al-qaeda', 'bomb', 'explosive', 'extremist', 'jihad', 'hostage', 'narcotics', 'cocaine', 'heroin', 'meth', 'drug use', 'drug paraphernalia', 'overdose', 'suicide', 'self-harm', 'cutting', 'razor', 'noose', 'hanging', 'poison', 'anorexia', 'bulimia', 'eating disorder', 'addiction', 'alcohol abuse', 'gambling']"
